State,Year,Population,Rape,Murder,Kidnapping,Theft,Robbery,Assault,Cyber_Crime,Domestic_Violence,Total_Crimes,Crime_Rate_Per_100k,Crime_Risk_Level
Andhra Pradesh,2001,44000000,3125,20045,8768,6079,1129,1129,398,13397,54070,122.89,Low
Andhra Pradesh,2002,44633331,18832,25229,426,71791,36605,4890,4112,4156,166041,372.01,Medium
Andhra Pradesh,2003,45121412,9221,18911,14376,8750,24057,3819,8783,11601,99518,220.56,Medium
Andhra Pradesh,2004,46219151,6849,17298,2505,8121,10095,534,10520,2106,58028,125.55,Low
Andhra Pradesh,2005,45162652,1041,46048,52194,25586,5625,1591,17850,8987,158922,351.89,Medium
Andhra Pradesh,2006,47711775,1557,8178,418,28721,3583,12997,4469,8788,68711,144.01,Low
Andhra Pradesh,2007,48694322,9431,2436,41632,17786,33435,26844,10859,30391,172814,354.9,Medium
Andhra Pradesh,2008,46705885,5859,13795,2927,24888,31124,20020,111598,27909,238120,509.83,High
Andhra Pradesh,2009,50120528,5082,12058,2341,24975,1194,66798,22802,3417,138667,276.67,Medium
Andhra Pradesh,2010,48623147,122,37337,27112,28848,32594,1699,9807,2725,140244,288.43,Medium
Andhra Pradesh,2011,47909450,75720,37176,15300,2500,14183,14976,49802,38649,248306,518.28,High
Andhra Pradesh,2012,47170706,71182,20845,4154,40745,46657,26874,48076,22212,280745,595.17,High
Andhra Pradesh,2013,46961696,31188,23519,1085,4813,1346,42659,15912,29959,150481,320.43,Medium
Andhra Pradesh,2014,50356870,104379,12568,23156,61750,11388,3511,14997,7710,239459,475.52,High
Andhra Pradesh,2015,46933756,57004,35446,21546,44048,34954,4433,47897,16645,261973,558.18,High
Andhra Pradesh,2016,55400750,29908,41109,6948,2116,4696,10113,30934,35796,161620,291.73,Medium
Andhra Pradesh,2017,50224064,245,25204,19048,8855,4501,14522,100947,13769,187091,372.51,Medium
Andhra Pradesh,2018,55683845,8705,14450,5379,42463,39062,3452,8184,4263,125958,226.2,Medium
Andhra Pradesh,2019,54985760,20836,2335,58453,43414,3284,20300,148472,17024,314118,571.27,High
Andhra Pradesh,2020,55004059,1449,6223,39287,2565,10323,13273,2511,12063,87694,159.43,Low
Andhra Pradesh,2021,55753460,6809,14858,14908,11396,1405,26786,5744,3070,84976,152.42,Low
Andhra Pradesh,2022,50220725,1325,28451,36030,532,22844,8175,32983,6103,136443,271.69,Medium
Arunachal Pradesh,2001,10000000,6815,2837,16021,858,2421,699,15010,12181,56842,568.43,High
Arunachal Pradesh,2002,10390039,1116,4037,6360,3032,2823,1036,365,8518,27287,262.63,Medium
Arunachal Pradesh,2003,10576762,10939,4754,1963,2037,6138,10784,10343,7180,54138,511.86,High
Arunachal Pradesh,2004,11425135,2127,182,365,4738,1931,19,221,2258,11841,103.64,Low
Arunachal Pradesh,2005,12373452,71,2454,11141,16485,14779,3555,17439,3796,69720,563.47,High
Arunachal Pradesh,2006,13156430,3222,11233,8585,15487,8773,6876,805,3755,58736,446.45,Medium
Arunachal Pradesh,2007,13092022,1008,915,11821,1634,7284,3263,5182,2289,33396,255.09,Medium
Arunachal Pradesh,2008,13878574,4470,3525,1129,6662,1713,127,5389,1017,24032,173.16,Low
Arunachal Pradesh,2009,12950064,14079,15359,12294,2307,77,13153,2789,16977,77035,594.87,High
Arunachal Pradesh,2010,15571333,26756,15481,2816,3926,15379,3077,1499,6575,75509,484.93,High
Arunachal Pradesh,2011,15391620,22377,9685,6865,831,7763,37500,1227,5945,92193,598.99,High
Arunachal Pradesh,2012,15641999,19613,12617,11159,11329,4163,3248,15489,15531,93149,595.51,High
Arunachal Pradesh,2013,13683076,14516,17585,5151,5008,11516,7551,8708,11432,81467,595.39,High
Arunachal Pradesh,2014,17958132,35679,6667,7612,1595,13956,591,10128,12648,88876,494.91,High
Arunachal Pradesh,2015,19086000,3596,9518,329,405,18419,4756,1447,7871,46341,242.81,Medium
Arunachal Pradesh,2016,14099995,22808,3773,15134,1384,823,11762,12072,15748,83504,592.23,High
Arunachal Pradesh,2017,18915552,10593,30460,5941,3190,12971,2583,4728,672,71138,376.08,Medium
Arunachal Pradesh,2018,22567165,435,55735,30649,20186,8915,3226,2884,4886,126916,562.4,High
Arunachal Pradesh,2019,16497892,2307,3631,3126,951,8972,3877,2340,2743,27947,169.4,Low
Arunachal Pradesh,2020,14796531,11035,5774,8925,28767,294,2502,955,846,59098,399.41,Medium
Arunachal Pradesh,2021,18328180,18999,11947,6314,1011,6645,6301,1868,5591,58676,320.14,Medium
Arunachal Pradesh,2022,23903848,8299,15620,16459,756,7663,16051,11419,31698,107965,451.67,High
Assam,2001,40000000,13107,2168,892,12539,327,10746,34352,10452,84583,211.46,Medium
Assam,2002,40264235,3042,6383,3795,4885,17576,3021,20121,14604,73427,182.36,Low
Assam,2003,40829190,7959,2625,3880,671,3623,41967,2697,14037,77459,189.71,Low
Assam,2004,41305462,22303,281,20161,3962,1505,14280,11865,25130,99487,240.86,Medium
Assam,2005,42944268,28344,34718,7070,4168,29634,35085,99375,11356,249750,581.57,High
Assam,2006,41340855,9027,29065,8086,51809,37930,10872,26966,27258,201013,486.23,High
Assam,2007,42822838,2302,49259,14887,37050,8160,47786,10429,234,170107,397.24,Medium
Assam,2008,43114188,47997,1948,7829,61005,61229,17343,20340,12115,229806,533.02,High
Assam,2009,43123040,4331,4973,13934,17423,19574,19457,1193,8517,89402,207.32,Medium
Assam,2010,44236237,1361,18317,13380,50225,9927,2859,3544,32929,132542,299.62,Medium
Assam,2011,47973970,8701,963,793,10909,682,15589,11069,771,49477,103.13,Low
Assam,2012,43554441,367,17891,1943,1919,6946,12197,17697,5808,64768,148.71,Low
Assam,2013,48404812,15820,2922,50317,27395,18502,79376,3951,22745,221028,456.62,High
Assam,2014,43991754,673,37270,3415,7455,7369,61743,80782,51608,250315,569.01,High
Assam,2015,48896608,52923,7592,5437,32799,4090,53378,197,56609,213025,435.66,Medium
Assam,2016,45478060,477,24005,8119,53654,829,8736,37707,8018,141545,311.24,Medium
Assam,2017,51301376,20929,25088,12779,20824,18508,48794,980,6958,154860,301.86,Medium
Assam,2018,47662665,55379,40736,11211,17844,5989,3842,11486,8040,154527,324.21,Medium
Assam,2019,49818514,3829,353,16017,18721,5235,3356,1618,7350,56479,113.37,Low
Assam,2020,45431112,16347,2513,34247,24485,42368,18319,13459,7677,159415,350.89,Medium
Assam,2021,55790180,62319,46419,1068,616,10906,38413,100770,3768,264279,473.7,High
Assam,2022,52985203,16240,8635,63104,33246,32818,11390,9650,5756,180839,341.3,Medium
Bihar,2001,5000000,67,2312,1937,9448,6584,937,1694,3352,26331,526.63,High
Bihar,2002,5405804,4049,607,1279,295,6583,1991,554,2385,17743,328.22,Medium
Bihar,2003,5995068,1098,505,137,1270,838,1688,837,2186,8559,142.77,Low
Bihar,2004,7031720,2121,2175,5531,1365,380,77,3719,2564,17932,255.02,Medium
Bihar,2005,7165252,12193,2398,1468,146,4323,8926,4986,5765,40205,561.12,High
Bihar,2006,7812095,5476,999,1684,3574,1179,2272,4630,6977,26791,342.95,Medium
Bihar,2007,9219632,725,11917,3091,1363,2804,17859,3096,1823,42678,462.91,High
Bihar,2008,9157447,8831,2416,694,1214,1205,1449,1315,9016,26140,285.46,Medium
Bihar,2009,9053440,2020,4268,22854,6464,11083,1903,2149,423,51164,565.14,High
Bihar,2010,8091374,1523,2688,1603,764,1058,5084,1902,3733,18355,226.85,Medium
Bihar,2011,7314410,2104,3524,120,4829,2971,256,6216,7628,27648,377.99,Medium
Bihar,2012,7565816,549,2827,14313,12032,1779,2049,4036,5784,43369,573.22,High
Bihar,2013,10199504,1429,683,921,2043,55,431,1855,3353,10770,105.59,Low
Bihar,2014,14649133,8116,8600,1283,6716,8612,3144,3551,5369,45391,309.86,Medium
Bihar,2015,13589420,212,4082,2494,4166,1339,23231,9456,11941,56921,418.87,Medium
Bihar,2016,12607145,11695,5184,683,5786,6640,10279,4245,1028,45540,361.23,Medium
Bihar,2017,14485088,1431,1934,4452,3627,1887,18467,3992,1165,36955,255.13,Medium
Bihar,2018,14448634,2011,3108,5289,3281,3868,6287,3567,42548,69959,484.19,High
Bihar,2019,18686840,170,1518,1079,8250,242,1036,7127,4102,23524,125.89,Low
Bihar,2020,18370376,17620,3094,1943,11457,27492,8440,8793,3410,82249,447.73,Medium
Bihar,2021,13594960,7470,1054,1990,2820,3606,1413,620,4805,23778,174.91,Low
Bihar,2022,14182103,1923,4915,946,3705,4294,300,2317,819,19219,135.52,Low
Chhattisgarh,2001,11000000,369,25989,2197,9376,1660,6462,8066,5119,59238,538.53,High
Chhattisgarh,2002,11686436,3067,2552,2063,12754,8537,16123,638,6314,52048,445.37,Medium
Chhattisgarh,2003,12557792,17561,1260,433,8518,5385,11623,949,10001,55730,443.79,Medium
Chhattisgarh,2004,11631269,2026,1608,1614,15163,9846,6662,3999,18876,59794,514.08,High
Chhattisgarh,2005,13579664,4519,15382,5244,4290,5633,3252,12486,6339,57145,420.81,Medium
Chhattisgarh,2006,13161110,1284,11173,2354,3812,11519,4758,604,13668,49172,373.62,Medium
Chhattisgarh,2007,12470840,7091,2926,1076,11339,6945,5471,16099,11156,62103,497.99,High
Chhattisgarh,2008,16488742,1599,3633,2778,13250,331,8205,13980,20366,64142,389.01,Medium
Chhattisgarh,2009,15924384,5665,23297,1586,25353,1845,6850,21595,2202,88393,555.08,High
Chhattisgarh,2010,16278248,3896,19166,19048,15333,17715,11707,4340,6349,97554,599.3,High
Chhattisgarh,2011,15992830,876,10460,3830,2241,2712,12875,728,3864,37586,235.02,Medium
Chhattisgarh,2012,14114529,3959,5309,102,11551,15108,4676,6699,14368,61772,437.65,Medium
Chhattisgarh,2013,20585360,6616,891,4625,5026,2972,7182,14669,13995,55976,271.92,Medium
Chhattisgarh,2014,20818159,5742,1151,40136,17492,1275,24300,19539,7012,116647,560.32,High
Chhattisgarh,2015,16436508,6527,3714,410,2978,11846,33,2959,3710,32177,195.77,Low
Chhattisgarh,2016,15528785,9066,29683,5000,5011,15730,7078,2991,7087,81646,525.78,High
Chhattisgarh,2017,19202208,1622,2073,7372,5801,26323,4809,9285,10693,67978,354.01,Medium
Chhattisgarh,2018,22000751,132,10985,1977,32737,1623,5400,899,58180,111933,508.77,High
Chhattisgarh,2019,19094870,8925,11577,888,17736,3014,29217,2937,2712,77006,403.28,Medium
Chhattisgarh,2020,20546398,590,10126,13190,1077,23683,9572,11781,9216,79235,385.64,Medium
Chhattisgarh,2021,19119140,2874,4603,946,1127,11106,16393,2622,1775,41446,216.78,Medium
Chhattisgarh,2022,22280654,16174,8229,402,2658,19711,16844,430,3934,68382,306.92,Medium
Goa,2001,46000000,11391,48314,863,4766,69758,8526,45856,11798,201272,437.55,Medium
Goa,2002,46602348,2453,6525,30004,45339,41531,11854,25830,5375,168911,362.45,Medium
Goa,2003,46469344,17523,114483,661,4514,11771,1358,10112,44186,204608,440.31,Medium
Goa,2004,47761432,16218,66152,50408,12397,8901,14154,26448,9253,203931,426.98,Medium
Goa,2005,49044012,36663,19731,30087,21465,13068,111097,54035,5659,291805,594.99,High
Goa,2006,49030585,15914,5243,17648,12621,4344,178,2454,6124,64526,131.61,Low
Goa,2007,47459932,30406,9035,4546,54572,126044,22596,5706,9634,262539,553.18,High
Goa,2008,51472607,514,68050,3470,23799,8871,22375,29190,49040,205309,398.87,Medium
Goa,2009,51474448,7348,351,4679,73195,65815,28920,29166,34769,244243,474.49,High
Goa,2010,48055366,2694,34351,7582,6751,10225,672,2541,18722,83538,173.84,Low
Goa,2011,53849940,3136,33542,10216,17897,12363,15952,46076,12800,151982,282.23,Medium
Goa,2012,52023270,11004,8512,14350,36372,17369,3186,417,4009,95219,183.03,Low
Goa,2013,53587012,40889,2387,31022,41086,18400,66650,5098,3536,209068,390.15,Medium
Goa,2014,52597968,43476,22834,38916,19044,9441,57065,53618,39602,283996,539.94,High
Goa,2015,55085286,4564,12819,6434,1380,35818,2114,43114,8489,114732,208.28,Medium
Goa,2016,55232725,5493,20946,55357,35353,44079,28850,31622,50764,272464,493.3,High
Goa,2017,53866544,2477,5798,2156,37917,24873,346,10547,22379,106493,197.7,Low
Goa,2018,59560832,2252,9491,27946,390,13520,3991,29206,40072,126868,213.01,Medium
Goa,2019,56309302,20146,4485,13821,12988,2681,12320,263,6333,73037,129.71,Low
Goa,2020,52191416,8757,4304,2682,39925,13914,43224,2264,12693,127763,244.8,Medium
Goa,2021,53330720,9574,19311,4739,12139,26809,11813,3274,308,87967,164.95,Low
Goa,2022,52655761,9424,99,9591,3476,12920,7403,28547,1998,73458,139.51,Low
Gujarat,2001,45000000,23934,8441,10734,16216,33974,67991,24011,8887,194188,431.53,Medium
Gujarat,2002,45621316,16412,40136,8185,3512,13138,10158,10542,7986,110069,241.27,Medium
Gujarat,2003,46388726,971,407,99420,12613,10959,25721,5563,67676,223330,481.43,High
Gujarat,2004,46637544,30773,1867,10778,42129,57733,12561,18949,3647,178437,382.6,Medium
Gujarat,2005,47636684,56547,3150,34195,12540,11189,8594,3135,2326,131676,276.42,Medium
Gujarat,2006,47398410,4387,3634,26636,7591,1049,61244,37910,46286,188737,398.19,Medium
Gujarat,2007,48375252,60393,2185,5771,16239,13620,1911,19352,2911,122382,252.99,Medium
Gujarat,2008,48214715,9314,28305,33041,31898,3527,77176,11348,5103,199712,414.21,Medium
Gujarat,2009,46952320,17650,25042,15926,13328,8559,6433,731,4223,91892,195.72,Low
Gujarat,2010,51056973,24985,16115,68865,36699,4528,13325,61600,4247,230364,451.19,High
Gujarat,2011,52829660,14573,5228,5010,6865,13318,3269,8668,6382,63313,119.85,Low
Gujarat,2012,47766016,2426,16470,12469,8390,14846,15773,9623,14172,94169,197.15,Low
Gujarat,2013,49148280,16266,15509,13115,19010,2349,28947,27953,407,123556,251.4,Medium
Gujarat,2014,49536298,19727,1557,4607,15359,1978,19230,20144,7997,90599,182.9,Low
Gujarat,2015,54439374,207,10982,31146,128968,32432,9765,32626,25208,271334,498.42,High
Gujarat,2016,56997750,43090,3221,40755,22187,93861,11911,28510,76556,320091,561.59,High
Gujarat,2017,53371312,2774,71007,29867,1801,9184,31591,1788,22388,170400,319.27,Medium
Gujarat,2018,53236364,9394,21469,1036,45420,80348,76799,30652,3087,268205,503.8,High
Gujarat,2019,57349656,38699,678,609,10656,18279,40104,31337,16097,156459,272.82,Medium
Gujarat,2020,55965109,9929,181752,17252,18647,5549,49194,36748,7752,326823,583.98,High
Gujarat,2021,59020400,3026,40165,37412,11236,106069,5764,19932,101229,324833,550.37,High
Gujarat,2022,52910742,5973,11168,5562,3517,45370,5778,24642,2872,104882,198.22,Low
Haryana,2001,29000000,2426,320,10676,4653,20223,6488,34906,2080,81772,281.98,Medium
Haryana,2002,29643375,19184,14166,13929,17608,13529,9301,1329,316,89362,301.46,Medium
Haryana,2003,29761608,39001,14743,24484,10100,1918,2056,17790,8655,118747,398.99,Medium
Haryana,2004,29994908,1905,5759,564,7425,2667,13598,3163,5175,40256,134.21,Low
Haryana,2005,32131860,124,799,5301,6954,9746,3667,12629,20925,60145,187.18,Low
Haryana,2006,31929080,32100,857,13890,2351,5878,91568,3260,14658,164562,515.4,High
Haryana,2007,30966506,25182,31708,21453,256,10337,19074,2405,11297,121712,393.05,Medium
Haryana,2008,33743389,1382,3351,20710,5831,34329,47893,66032,9150,188678,559.16,High
Haryana,2009,30813288,4054,2442,22379,27113,709,60875,1180,17242,135994,441.35,Medium
Haryana,2010,33206717,4676,7756,4742,6129,1570,6388,316,8535,40112,120.8,Low
Haryana,2011,36698050,4843,10379,3676,6299,4563,8030,519,383,38692,105.44,Low
Haryana,2012,37614727,5217,3195,37759,4548,68460,7552,3695,28667,159093,422.95,Medium
Haryana,2013,34917944,14596,9362,11005,17245,3521,76154,49976,14271,196130,561.69,High
Haryana,2014,37913788,4682,23984,1576,654,6268,13064,42640,27328,120196,317.03,Medium
Haryana,2015,39909164,15117,6172,4727,5163,48933,455,22468,9630,112665,282.31,Medium
Haryana,2016,40583300,5346,11964,6175,19142,21389,5072,3001,8315,80404,198.12,Low
Haryana,2017,40196912,34141,3317,13678,14002,18524,1978,17644,33621,136905,340.59,Medium
Haryana,2018,32620184,3805,5210,68288,3835,37020,13023,5456,39316,175953,539.4,High
Haryana,2019,35224652,15758,19338,11901,24033,4774,13264,93243,7988,190299,540.25,High
Haryana,2020,41930108,9143,3363,12698,1199,29935,5171,2302,657,64468,153.75,Low
Haryana,2021,33415080,5741,22635,12682,54480,17394,8824,29628,37864,189248,566.36,High
Haryana,2022,34312538,5235,5255,1070,38192,31224,18437,53250,46928,199591,581.69,High
Himachal Pradesh,2001,27000000,15477,35638,4052,2086,5527,1033,13318,48502,125633,465.31,High
Himachal Pradesh,2002,27380311,934,3030,14006,63214,8844,16470,988,3741,111227,406.23,Medium
Himachal Pradesh,2003,27632908,29212,22720,33,20532,6900,13705,4106,4911,102119,369.56,Medium
Himachal Pradesh,2004,27807963,6482,10618,1453,293,3555,11782,2177,10814,47174,169.64,Low
Himachal Pradesh,2005,27892284,31174,877,9935,5218,18027,1734,10496,16206,93667,335.82,Medium
Himachal Pradesh,2006,28074910,36732,14594,8728,12212,25794,10732,391,33937,143120,509.78,High
Himachal Pradesh,2007,31004202,27589,26621,5730,25369,11809,24846,2658,25302,149924,483.56,High
Himachal Pradesh,2008,28799182,44470,295,22587,3121,12226,9113,5002,8018,104832,364.01,Medium
Himachal Pradesh,2009,32829000,41225,10125,7745,21539,32258,28097,31263,11189,183441,558.78,High
Himachal Pradesh,2010,32003370,23167,1742,10698,78,5339,6209,6863,16179,70275,219.59,Medium
Himachal Pradesh,2011,32950850,11552,13984,6369,10972,6054,1785,21721,25912,98349,298.47,Medium
Himachal Pradesh,2012,34423625,23467,15123,11601,48337,17779,15843,630,10142,142922,415.19,Medium
Himachal Pradesh,2013,30066540,5998,6381,10883,9564,11740,18154,21024,15883,99627,331.36,Medium
Himachal Pradesh,2014,33532357,59217,350,4144,144,19834,43433,5308,49803,182233,543.46,High
Himachal Pradesh,2015,36111522,923,40498,6440,1589,9888,4410,4983,5461,74192,205.45,Medium
Himachal Pradesh,2016,34650510,35641,16994,8181,20675,27625,6982,11707,2855,130660,377.08,Medium
Himachal Pradesh,2017,35885072,5218,29846,5228,19449,32240,2951,21876,7746,124554,347.09,Medium
Himachal Pradesh,2018,36792918,25308,5075,12596,6137,340,7702,23229,7074,87461,237.71,Medium
Himachal Pradesh,2019,31488174,23871,30092,3613,3326,13177,7388,25566,32146,139179,442.01,Medium
Himachal Pradesh,2020,37664149,9244,5730,32149,6811,36662,11684,23346,2132,127758,339.2,Medium
Himachal Pradesh,2021,39980920,11725,7207,10592,2205,16010,23818,2929,1210,75696,189.33,Low
Himachal Pradesh,2022,36792846,735,31596,28737,24338,8117,15251,27764,21128,157666,428.53,Medium
Jharkhand,2001,5000000,8671,288,2338,1019,1100,2488,2320,9334,27558,551.16,High
Jharkhand,2002,5786373,665,532,6238,4181,1551,400,433,10878,24878,429.95,Medium
Jharkhand,2003,6466866,1906,3496,2300,3924,643,6551,626,14424,33870,523.75,High
Jharkhand,2004,6657683,343,1001,2734,1356,981,505,522,1431,8873,133.29,Low
Jharkhand,2005,6584508,8690,1833,1379,2217,1058,104,1396,5349,22026,334.51,Medium
Jharkhand,2006,8080480,1002,6090,1166,3990,528,3112,7338,2224,25450,314.96,Medium
Jharkhand,2007,8065424,2666,3870,6390,652,1243,403,11929,6387,33540,415.86,Medium
Jharkhand,2008,8350914,4164,9897,3947,5240,500,7549,732,9384,41413,495.91,High
Jharkhand,2009,8196168,4641,3758,112,1100,930,1360,279,8422,20602,251.37,Medium
Jharkhand,2010,8810384,4455,2013,2792,3272,5067,4002,13903,3797,39301,446.08,Medium
Jharkhand,2011,9638450,17789,6996,858,9789,453,6240,1757,7722,51604,535.4,High
Jharkhand,2012,12565151,14751,11941,11367,2646,614,3756,1388,8651,55114,438.63,Medium
Jharkhand,2013,11271572,968,8463,2334,3939,324,4513,5836,1525,27902,247.54,Medium
Jharkhand,2014,8533920,4438,6892,915,3325,2422,753,2181,340,21266,249.2,Medium
Jharkhand,2015,9490612,150,834,18953,4580,19391,3253,2146,4054,53361,562.26,High
Jharkhand,2016,14388005,8308,1602,14694,3492,13870,15074,2366,912,60318,419.23,Medium
Jharkhand,2017,16165328,9324,3783,368,32392,365,7296,25286,1684,80498,497.97,High
Jharkhand,2018,10516568,677,571,1595,470,5200,283,3143,25221,37160,353.35,Medium
Jharkhand,2019,17614904,19323,10973,4201,11235,8602,6379,1609,25013,87335,495.8,High
Jharkhand,2020,17412377,4251,1540,3262,3805,12508,9414,10437,83,45300,260.16,Medium
Jharkhand,2021,19972900,13501,16472,486,7548,35836,3699,19228,6084,102854,514.97,High
Jharkhand,2022,15078929,60,1358,18336,7961,15795,3294,572,3911,51287,340.13,Medium
Karnataka,2001,47000000,27042,83033,4607,29902,7256,17522,59677,28853,257892,548.71,High
Karnataka,2002,47209668,4149,4415,5414,13529,19596,27360,13607,3339,91409,193.63,Low
Karnataka,2003,47644270,32427,16017,8180,51153,1090,64576,17225,28221,218889,459.42,High
Karnataka,2004,47848520,36046,75477,33888,31857,2308,24456,5446,44766,254244,531.35,High
Karnataka,2005,49500248,31485,50005,1866,3886,55258,3281,3242,537,149560,302.14,Medium
Karnataka,2006,48267445,105943,45200,14727,11886,14542,50356,36593,6924,286171,592.89,High
Karnataka,2007,48782216,5280,2859,29803,39900,8500,584,2366,94894,184186,377.57,Medium
Karnataka,2008,51914861,4116,17237,11519,5656,2707,1521,11221,17518,71495,137.72,Low
Karnataka,2009,52629176,25152,18407,1043,84220,39049,8439,95258,22440,294008,558.64,High
Karnataka,2010,50134088,11304,17846,21619,13831,1774,5344,34074,3298,109090,217.6,Medium
Karnataka,2011,49552100,11430,13892,14211,23307,70376,6761,3180,5406,148563,299.81,Medium
Karnataka,2012,55220795,57416,27340,8870,44583,52049,49367,66180,7660,313465,567.66,High
Karnataka,2013,50435780,39492,17327,51803,36603,42060,29972,5483,22115,244855,485.48,High
Karnataka,2014,51091971,89306,59227,943,3849,3019,27671,36393,5138,225546,441.45,Medium
Karnataka,2015,52783120,28204,73498,52804,31264,35707,28407,14130,33310,297324,563.29,High
Karnataka,2016,54433730,47855,84683,41453,58684,7149,25373,384,11614,277195,509.23,High
Karnataka,2017,57879600,40833,151351,3290,16169,50708,7188,25510,41607,336656,581.65,High
Karnataka,2018,51773345,22624,4923,10379,36203,19098,123,33833,853,128036,247.3,Medium
Karnataka,2019,52311908,45229,7472,104763,15152,13076,5324,12046,69126,272188,520.32,High
Karnataka,2020,59549690,146389,11989,15537,33418,56723,23465,12966,13891,314378,527.93,High
Karnataka,2021,61378680,49373,133,40118,18233,65618,4051,36827,27223,241576,393.58,Medium
Karnataka,2022,57897404,21675,1413,18288,17379,17339,19502,23790,34467,153853,265.73,Medium
Kerala,2001,25000000,4615,25584,10121,1176,885,5970,22552,18054,88957,355.83,Medium
Kerala,2002,25331430,21357,10008,7973,2192,5466,7822,1274,3429,59521,234.97,Medium
Kerala,2003,25516812,2660,3882,18689,7891,3001,1595,2950,4497,45165,177.0,Low
Kerala,2004,26608141,3461,14497,50335,13309,23317,24357,5605,12366,147247,553.39,High
Kerala,2005,27903484,5839,380,351,25552,4573,10467,5088,40510,92760,332.43,Medium
Kerala,2006,28732905,4065,7604,27919,24984,2788,21977,8299,8938,106574,370.91,Medium
Kerala,2007,29737774,3560,2088,32349,17050,14269,32492,36042,4304,142154,478.03,High
Kerala,2008,29643240,19239,2969,28421,21847,64071,1459,1199,6774,145979,492.45,High
Kerala,2009,28740968,2034,1901,15871,1924,2128,9551,4005,10057,47471,165.17,Low
Kerala,2010,27322657,797,7885,403,763,27943,1768,8966,6248,54773,200.47,Medium
Kerala,2011,31387820,5322,28702,275,13597,41259,10245,34451,672,134523,428.59,Medium
Kerala,2012,31757993,9331,5181,22568,68425,5097,18259,3796,14330,146987,462.84,High
Kerala,2013,29057188,11890,68193,17885,8201,2310,3127,4868,5515,121989,419.83,Medium
Kerala,2014,31452121,22394,9703,8729,1435,23170,15113,825,14497,95866,304.8,Medium
Kerala,2015,32521920,12900,1402,10083,10905,2981,47918,31202,18192,135583,416.9,Medium
Kerala,2016,33422890,6059,5182,10280,7700,627,7017,16036,6008,58909,176.26,Low
Kerala,2017,31048512,1027,29713,4329,5762,3465,7717,27221,14113,93347,300.65,Medium
Kerala,2018,32670196,1134,10400,10472,10115,1349,2968,20773,7317,64528,197.52,Low
Kerala,2019,31639570,646,1582,14633,56313,18159,16166,2616,25101,135216,427.37,Medium
Kerala,2020,39735830,12666,3511,10963,24485,1671,5435,2483,11553,72767,183.13,Low
Kerala,2021,32224320,3610,4217,6698,2111,10331,3189,720,4990,35866,111.3,Low
Kerala,2022,37908091,14534,3512,17944,21815,2989,37856,1398,2084,102132,269.42,Medium
Madhya Pradesh,2001,28000000,3798,41862,19813,3077,10826,17819,1625,39934,138754,495.55,High
Madhya Pradesh,2002,28769604,9513,4112,19960,3161,24209,6443,5885,1063,74346,258.42,Medium
Madhya Pradesh,2003,29367514,44708,11671,3704,265,17168,15684,26590,46244,166034,565.37,High
Madhya Pradesh,2004,29283928,1147,18243,2879,27099,23720,10798,17186,5240,106312,363.04,Medium
Madhya Pradesh,2005,29570396,9946,26913,9598,6913,10641,27503,6374,2983,100871,341.12,Medium
Madhya Pradesh,2006,29321275,10401,14610,886,2291,1279,3573,5000,11549,49589,169.12,Low
Madhya Pradesh,2007,29532958,10551,9719,4352,18452,6385,38757,10074,1356,99646,337.41,Medium
Madhya Pradesh,2008,31794021,5627,1962,5786,360,959,9662,1286,9056,34698,109.14,Low
Madhya Pradesh,2009,32030688,5266,16559,19051,11559,5858,3844,542,5831,68510,213.89,Medium
Madhya Pradesh,2010,30833515,14006,36845,27109,19215,20545,14465,3987,31448,167620,543.63,High
Madhya Pradesh,2011,33567120,11099,8212,1175,5919,6163,19975,7903,4786,65232,194.34,Low
Madhya Pradesh,2012,34976684,53430,1665,7795,609,19118,35519,4664,27749,150549,430.43,Medium
Madhya Pradesh,2013,35565532,5118,35786,20766,24202,269,48747,19208,5386,159482,448.42,Medium
Madhya Pradesh,2014,34481540,35498,6636,41384,2397,24416,15618,2037,5562,133548,387.31,Medium
Madhya Pradesh,2015,31833718,554,28091,15920,40510,15665,15834,60372,2194,179140,562.74,High
Madhya Pradesh,2016,34493995,52215,42819,24675,20140,49897,4589,1841,6135,202311,586.51,High
Madhya Pradesh,2017,33760992,22785,508,12585,77597,27869,10610,946,25631,178531,528.81,High
Madhya Pradesh,2018,39696765,7357,983,793,19355,8907,14234,17004,6831,75464,190.1,Low
Madhya Pradesh,2019,38592442,12757,9854,6673,9983,26028,16126,39050,10260,130731,338.75,Medium
Madhya Pradesh,2020,42697925,17203,18375,16496,22334,4991,13226,2026,8942,103593,242.62,Medium
Madhya Pradesh,2021,38401140,14523,22936,65288,19933,29555,15326,21833,1603,190997,497.37,High
Madhya Pradesh,2022,41167504,5102,7806,11116,812,2621,5632,61855,6999,101943,247.63,Medium
Maharashtra,2001,45000000,47333,15705,67892,23704,16686,52297,397,556,224570,499.04,High
Maharashtra,2002,45710014,13858,2096,6407,23191,90932,47569,40286,19474,243813,533.39,High
Maharashtra,2003,45443654,34504,6501,1171,12337,1553,5442,9100,26649,97257,214.02,Medium
Maharashtra,2004,46495893,14150,25199,102668,2932,6681,10437,11395,11015,184477,396.76,Medium
Maharashtra,2005,47454664,49696,26121,19535,7723,36224,64734,35919,35,239987,505.72,High
Maharashtra,2006,46767710,27987,1452,8240,1697,25612,32096,3363,13400,113847,243.43,Medium
Maharashtra,2007,49118418,25213,19059,5338,22468,57567,3048,3458,18137,154288,314.11,Medium
Maharashtra,2008,47217978,60937,23674,24337,9631,19305,218,21670,52420,212192,449.39,Medium
Maharashtra,2009,51291048,12732,27782,17284,1725,31251,923,10251,2062,104010,202.78,Medium
Maharashtra,2010,51457914,178,8301,5293,10077,13034,677,1987,12386,51933,100.92,Low
Maharashtra,2011,52570400,14276,44367,35879,63454,40053,19088,37962,10942,266021,506.03,High
Maharashtra,2012,48272786,9180,39052,14843,40195,43382,48917,62363,14156,272088,563.65,High
Maharashtra,2013,54568788,11407,25927,13781,27300,36325,34640,13941,5427,168748,309.24,Medium
Maharashtra,2014,49509037,11930,3259,46789,8994,3555,546,21993,21469,118535,239.42,Medium
Maharashtra,2015,53546748,29323,5239,37109,26253,79603,65546,31932,17309,292314,545.91,High
Maharashtra,2016,56783130,27418,3748,7221,938,4118,172,4362,20601,68578,120.77,Low
Maharashtra,2017,55904512,14058,1153,911,14236,5056,685,40926,17791,94816,169.6,Low
Maharashtra,2018,54207132,9112,61478,3295,83318,10057,58527,24652,46785,297224,548.31,High
Maharashtra,2019,59115942,110344,9077,86644,13164,12991,11101,20798,4470,268589,454.34,High
Maharashtra,2020,48803838,27032,26143,48084,60099,19454,12062,10058,7257,210189,430.68,Medium
Maharashtra,2021,58907340,2107,14883,11184,120480,28961,15144,30836,5325,228920,388.61,Medium
Maharashtra,2022,58045893,11407,19122,13041,9983,98923,41249,18975,16374,229074,394.64,Medium
Manipur,2001,16000000,2597,602,1347,107,1729,2098,692,8912,18084,113.03,Low
Manipur,2002,16268570,19755,10533,6269,16778,1151,12856,1096,13007,81445,500.63,High
Manipur,2003,17338160,2446,15894,21860,1221,4709,30044,5007,15105,96286,555.35,High
Manipur,2004,17020318,16879,8938,6393,4315,27254,9282,13601,12883,99545,584.86,High
Manipur,2005,18710732,2196,5118,10073,1335,4482,3688,2173,7973,37038,197.95,Low
Manipur,2006,19646765,1276,660,10976,3299,10709,12756,367,12268,52311,266.26,Medium
Manipur,2007,19205044,6125,7355,10144,26866,198,6671,11985,13214,82558,429.88,Medium
Manipur,2008,17841308,6935,849,2092,2612,9596,1921,1391,18569,43965,246.42,Medium
Manipur,2009,18575824,49,34097,6284,9808,1941,80,7449,9999,69707,375.26,Medium
Manipur,2010,21779503,17740,2027,18413,19267,14131,19108,24597,12510,127793,586.76,High
Manipur,2011,22199060,2126,15329,1852,11999,11983,1565,9833,2701,57388,258.52,Medium
Manipur,2012,19217940,12999,23224,590,24430,5819,2802,629,5470,75963,395.27,Medium
Manipur,2013,23522536,39347,30532,1281,1882,12821,8702,6576,8206,109347,464.86,High
Manipur,2014,22746714,16196,26363,5170,23549,3861,6441,2550,10186,94316,414.64,Medium
Manipur,2015,20759104,36762,8805,4215,9933,1248,20894,6656,5682,94195,453.76,High
Manipur,2016,24649810,8594,9556,726,11188,2700,12202,16856,15889,77711,315.26,Medium
Manipur,2017,24584624,8990,8210,1723,16695,3540,7676,3739,1609,52182,212.26,Medium
Manipur,2018,23882390,11730,659,16312,4513,1,8453,566,3823,46057,192.85,Low
Manipur,2019,30313276,33350,1758,49678,103,7701,36694,10329,2924,142537,470.22,High
Manipur,2020,21584860,5170,3649,21410,4351,18005,25748,6584,27867,112784,522.52,High
Manipur,2021,26991580,7154,50235,1412,17542,10282,7406,15126,18382,127539,472.51,High
Manipur,2022,21593245,28,1171,8007,7040,21696,9181,19314,7780,74217,343.71,Medium
Meghalaya,2001,13000000,1373,432,5909,4010,191,1732,12195,2697,28539,219.54,Medium
Meghalaya,2002,13268393,2847,3074,1177,2310,2319,270,7330,2709,22036,166.08,Low
Meghalaya,2003,13977222,13799,15177,1903,8558,5107,16951,1941,9053,72489,518.63,High
Meghalaya,2004,14745436,10290,3848,1615,11595,14753,4170,11382,5531,63184,428.5,Medium
Meghalaya,2005,15568004,19771,3516,34971,5363,7258,947,1871,11486,85183,547.17,High
Meghalaya,2006,16976565,3643,21115,173,5575,4814,228,1553,6249,43350,255.36,Medium
Meghalaya,2007,17558338,6716,5123,7488,8943,98,6170,32745,7244,74527,424.46,Medium
Meghalaya,2008,14543906,8596,2838,11295,11259,5595,28332,1019,134,69068,474.9,High
Meghalaya,2009,14714784,5953,6664,518,1249,71,1405,6006,2960,24826,168.72,Low
Meghalaya,2010,16807351,3731,4053,11,3108,9067,31893,16375,211,68449,407.26,Medium
Meghalaya,2011,17073190,29729,19861,19693,7957,6593,4688,882,3369,92772,543.38,High
Meghalaya,2012,19269868,759,1775,3692,1722,159,8492,7673,4131,28403,147.4,Low
Meghalaya,2013,16758088,29220,4839,20252,483,2801,1571,1341,939,61446,366.67,Medium
Meghalaya,2014,21737872,2917,4553,2586,476,4992,3027,1471,3363,23385,107.58,Low
Meghalaya,2015,20552650,1438,2023,11925,1640,3034,10557,5879,311,36807,179.09,Low
Meghalaya,2016,21247165,769,37,4810,2865,695,15292,3640,1341,29449,138.6,Low
Meghalaya,2017,20758864,7428,12178,848,3436,17598,6585,8462,6071,62606,301.59,Medium
Meghalaya,2018,20793837,480,1938,6309,2510,548,19851,42508,16861,91005,437.66,Medium
Meghalaya,2019,18955048,7780,1121,13089,887,12240,21297,5033,16072,77519,408.97,Medium
Meghalaya,2020,20594376,6556,2337,4468,7003,590,7574,30902,1643,61073,296.55,Medium
Meghalaya,2021,26626320,12462,18893,22793,25528,5838,29992,11217,1401,128124,481.2,High
Meghalaya,2022,24958450,3973,7769,1742,6275,6735,1088,5105,9062,41749,167.28,Low
Mizoram,2001,41000000,20601,363,270,13168,77710,7741,29998,7492,157343,383.77,Medium
Mizoram,2002,41785469,6434,31235,21636,1662,9281,490,10869,18006,99613,238.39,Medium
Mizoram,2003,42488172,2095,5665,8428,41872,83066,763,23784,7726,173399,408.11,Medium
Mizoram,2004,43148474,5455,15363,27435,32998,9421,4836,16957,3167,115632,267.99,Medium
Mizoram,2005,42290324,10104,5404,13008,3346,2588,30472,1306,8584,74812,176.9,Low
Mizoram,2006,43652080,8865,1410,1303,6843,71609,11793,106754,30960,239537,548.74,High
Mizoram,2007,43733084,15329,23181,19425,37990,8868,11634,59982,78206,254615,582.2,High
Mizoram,2008,46173924,54580,13304,37086,15827,16838,5603,21881,5043,170162,368.53,Medium
Mizoram,2009,45884736,12624,60527,7272,2313,2241,88589,22161,16509,212236,462.54,High
Mizoram,2010,45317615,36582,39689,8869,25984,32391,23354,3611,45837,216317,477.34,High
Mizoram,2011,47868090,52691,22581,37672,2605,9306,98673,0,36657,260185,543.55,High
Mizoram,2012,47336682,15423,1172,75424,5348,7567,7560,5464,35,117993,249.26,Medium
Mizoram,2013,46795712,21540,56148,4186,17929,22323,31096,9053,5952,168227,359.49,Medium
Mizoram,2014,47284876,6216,19699,26810,3166,7322,36685,25963,66202,192063,406.18,Medium
Mizoram,2015,51963876,34210,12177,21772,26370,1991,19168,30118,4467,150273,289.19,Medium
Mizoram,2016,45515510,16580,9580,33239,473,3369,10057,3844,13702,90844,199.59,Low
Mizoram,2017,49003184,45744,3477,23186,22859,14816,86859,56495,38410,291846,595.57,High
Mizoram,2018,49048259,30683,15168,62160,29047,31973,48447,7844,40299,265621,541.55,High
Mizoram,2019,54057254,5344,10423,10060,94501,47773,29718,31948,20318,250085,462.63,High
Mizoram,2020,51769542,85810,20019,13980,5196,45041,38711,14162,748,223667,432.04,Medium
Mizoram,2021,52953840,49400,310,32902,95082,15570,7244,33009,45959,279476,527.77,High
Mizoram,2022,45838925,20866,90062,1400,18548,33452,52394,5213,42484,264419,576.84,High
Nagaland,2001,49000000,12341,7748,2166,30752,2624,5687,5254,31470,98042,200.09,Medium
Nagaland,2002,49326676,30894,44063,7974,27121,23457,49478,65429,342,248758,504.31,High
Nagaland,2003,49987520,42577,2021,30234,12882,13917,16536,36882,15446,170495,341.08,Medium
Nagaland,2004,51154714,58891,23139,3160,68353,15021,25307,51625,18042,263538,515.18,High
Nagaland,2005,51860404,1026,8249,50920,18083,19610,17624,3908,9548,128968,248.68,Medium
Nagaland,2006,50610965,40553,3118,9496,9434,16502,114670,2038,21338,217149,429.06,Medium
Nagaland,2007,51773866,6366,113672,3873,16646,43125,39269,17696,13705,254352,491.28,High
Nagaland,2008,53419009,12361,7484,5605,16091,7626,8265,26079,84362,167873,314.26,Medium
Nagaland,2009,51027320,10169,880,863,33237,3877,1061,10042,10742,70871,138.89,Low
Nagaland,2010,52981717,35690,10621,519,114449,9860,38473,41860,32145,283617,535.31,High
Nagaland,2011,53154740,5583,4704,13546,29914,43629,1665,2502,43085,144628,272.09,Medium
Nagaland,2012,53844059,9677,15566,1642,6426,8762,8269,3805,116,54263,100.78,Low
Nagaland,2013,54603304,14095,4703,9643,50937,8207,29518,3367,17995,138465,253.59,Medium
Nagaland,2014,58896146,134962,3844,298,20335,3477,49363,87998,20367,320644,544.42,High
Nagaland,2015,52617432,11896,22645,51078,361,35377,37754,40344,11016,210471,400.0,Medium
Nagaland,2016,60119335,38226,2926,6785,64102,40981,422,8717,7373,169532,281.99,Medium
Nagaland,2017,54984960,20921,18842,4277,40690,87413,61826,74024,5611,313604,570.35,High
Nagaland,2018,55035340,39695,23917,21451,22714,35402,10308,2931,12586,169004,307.08,Medium
Nagaland,2019,56219008,15165,14952,8229,791,5178,28309,9805,8633,91062,161.98,Low
Nagaland,2020,62185620,9718,14262,70047,34075,48049,18799,30876,8864,234690,377.4,Medium
Nagaland,2021,61598700,36799,16796,17593,31547,82889,1991,52429,10417,250461,406.6,Medium
Nagaland,2022,60669679,39979,1509,24400,47581,3938,46019,178411,7591,349428,575.95,High
Odisha,2001,44000000,69830,25457,51424,14558,8391,8447,3530,9923,191560,435.36,Medium
Odisha,2002,44775821,16339,31959,25194,17302,1752,5110,5551,4311,107518,240.13,Medium
Odisha,2003,45457354,11393,12075,6950,6874,27766,24519,5792,38593,133962,294.7,Medium
Odisha,2004,44813162,52248,6769,7487,12053,48460,35760,1851,8538,173166,386.42,Medium
Odisha,2005,44924872,8132,7056,2174,19752,11400,18358,19748,13924,100544,223.81,Medium
Odisha,2006,45508450,31491,51342,9516,60966,10755,64463,14201,6812,249546,548.35,High
Odisha,2007,45586874,10064,111,70667,73441,40305,9803,4860,1081,210332,461.39,High
Odisha,2008,47598441,9156,111924,13969,22099,5624,12707,37004,47292,259775,545.76,High
Odisha,2009,48174936,8278,1748,14585,7846,7289,94556,28168,23939,186409,386.94,Medium
Odisha,2010,46972538,15119,15760,21900,33536,34071,5299,19505,14939,160129,340.9,Medium
Odisha,2011,47939250,71389,34855,26553,4281,32494,4353,14362,5386,193673,404.0,Medium
Odisha,2012,51567054,19907,3903,8405,38199,3862,11980,9184,313,95753,185.69,Low
Odisha,2013,47863040,42681,1940,17435,22306,26848,31641,7920,275,151046,315.58,Medium
Odisha,2014,53975797,18827,11236,26491,25231,27150,9722,5945,22973,147575,273.41,Medium
Odisha,2015,51093058,9977,3368,32096,35604,10438,1308,8157,27054,128002,250.53,Medium
Odisha,2016,54554825,74590,7312,2228,67452,15857,25084,110707,2216,305446,559.89,High
Odisha,2017,53918272,6448,475,2904,10049,3506,36231,5052,2393,67058,124.37,Low
Odisha,2018,57438296,17228,29909,32299,4933,31973,43249,88900,74103,322594,561.64,High
Odisha,2019,55621538,50206,341,9990,44107,26926,216,66425,60317,258528,464.8,High
Odisha,2020,50965324,24088,2083,44076,26554,46149,42217,49224,22119,256510,503.3,High
Odisha,2021,55916860,3171,23326,20319,28435,3904,4548,46372,29078,159153,284.63,Medium
Odisha,2022,50770064,45862,27300,17458,20386,42232,16603,19215,3271,192327,378.82,Medium
Punjab,2001,36000000,6478,12710,3187,2279,3798,2788,2440,5583,39263,109.07,Low
Punjab,2002,36762938,34602,10266,3021,1162,17288,7003,25035,15639,114016,310.14,Medium
Punjab,2003,37508930,22888,4566,16960,4411,40256,14554,5644,4522,113801,303.4,Medium
Punjab,2004,37075422,1378,7721,1606,5888,2000,7059,10980,9801,46433,125.24,Low
Punjab,2005,37692944,35169,5111,2274,29510,11293,13919,777,7392,105445,279.75,Medium
Punjab,2006,37504725,741,45776,6041,17650,861,23806,8449,49429,152753,407.29,Medium
Punjab,2007,38208090,17727,3184,18714,45014,14126,15082,2317,6962,123126,322.25,Medium
Punjab,2008,41506977,666,954,65117,3783,13194,15723,18677,57834,175948,423.9,Medium
Punjab,2009,40015784,9518,1418,18238,4798,781,15390,52729,28761,131633,328.95,Medium
Punjab,2010,40212414,12240,34665,8614,472,47168,31897,46885,1300,183241,455.68,High
Punjab,2011,40443250,28668,15265,13091,15478,31567,13967,13739,73864,205639,508.47,High
Punjab,2012,40000205,28999,11978,25211,10114,5331,18636,54027,54306,208602,521.5,High
Punjab,2013,40027968,4442,7963,2524,57684,42144,11131,17324,13334,156546,391.09,Medium
Punjab,2014,42551662,10043,612,6773,12544,12639,5215,31739,2049,81614,191.8,Low
Punjab,2015,45772840,4906,8301,8446,7396,2276,1201,7145,6470,46141,100.8,Low
Punjab,2016,40256940,2922,18053,8977,16288,26848,2749,285,22326,98448,244.55,Medium
Punjab,2017,41500736,19149,24481,37066,33046,65990,15626,13645,10465,219468,528.83,High
Punjab,2018,45171143,6027,30703,11715,91824,31609,32455,15834,1932,222099,491.69,High
Punjab,2019,41423130,958,16362,2626,27747,63262,63751,31981,7056,213743,516.0,High
Punjab,2020,49940756,38477,42051,4238,25885,6535,31411,114049,593,263239,527.1,High
Punjab,2021,42708420,27555,11795,43890,7570,22753,779,4942,843,120127,281.27,Medium
Punjab,2022,42976179,80891,37098,41819,60734,1943,10641,1609,5176,239911,558.24,High
Rajasthan,2001,22000000,4449,10812,5340,1817,3130,2720,61728,24325,114321,519.64,High
Rajasthan,2002,22226240,54831,9249,5208,25558,6304,5680,4224,2219,113273,509.64,High
Rajasthan,2003,23093292,4369,6472,16525,952,3484,24409,2342,6190,64743,280.35,Medium
Rajasthan,2004,22882867,11451,963,494,3794,2062,4745,9325,847,33681,147.19,Low
Rajasthan,2005,25029084,15936,12912,2852,17934,5861,12268,1574,11287,80624,322.12,Medium
Rajasthan,2006,23222990,4753,22445,761,7043,7965,16767,11091,14295,85120,366.53,Medium
Rajasthan,2007,23661628,5099,6733,1279,2623,6228,15465,7484,1582,46493,196.5,Low
Rajasthan,2008,27303928,3103,9609,19348,9698,9436,26041,6411,28090,111736,409.23,Medium
Rajasthan,2009,26715232,11331,8632,13130,31188,2922,4744,65638,4191,141776,530.7,High
Rajasthan,2010,28078393,6001,6195,4812,7405,1868,5755,3330,7758,43124,153.59,Low
Rajasthan,2011,26695600,2790,15507,3755,5987,4524,3701,32024,6171,74459,278.92,Medium
Rajasthan,2012,29504189,26398,35320,8536,1555,4730,16108,4615,921,98183,332.78,Medium
Rajasthan,2013,24545404,2812,6446,5493,665,3861,861,850,7165,28153,114.7,Low
Rajasthan,2014,29084792,2707,2879,6,19276,14825,9302,13075,1557,63627,218.77,Medium
Rajasthan,2015,30031324,17756,12531,2851,19282,73421,1184,9979,6740,143744,478.65,High
Rajasthan,2016,28351555,1872,16460,4346,4323,9842,1155,4599,3874,46471,163.91,Low
Rajasthan,2017,25583792,2528,21492,4083,1411,4891,520,86,639,35650,139.35,Low
Rajasthan,2018,32576771,12282,21090,28183,71273,21046,20534,1521,1053,176982,543.28,High
Rajasthan,2019,28303294,26749,19252,61022,5849,844,19904,9053,1703,144376,510.1,High
Rajasthan,2020,31655895,22481,2062,16341,5752,3322,8327,28185,8680,95150,300.58,Medium
Rajasthan,2021,30617200,7328,707,7816,1426,5967,4400,13963,2587,44194,144.35,Low
Rajasthan,2022,29247751,2213,625,56714,24057,48276,8639,13688,993,155205,530.66,High
Sikkim,2001,18000000,26503,8969,22021,2510,7692,9234,3109,15339,95377,529.88,High
Sikkim,2002,18428922,8707,6400,3978,962,979,9791,30,3732,34579,187.64,Low
Sikkim,2003,18765774,8730,6946,32898,2663,2960,586,4167,2160,61110,325.65,Medium
Sikkim,2004,19960983,5550,23739,36163,2711,6148,34831,841,1283,111266,557.42,High
Sikkim,2005,20516796,1356,6906,1245,26303,4519,5316,2162,4867,52674,256.74,Medium
Sikkim,2006,19312350,4100,5259,5300,3260,8874,6429,5349,219,38790,200.86,Medium
Sikkim,2007,21455880,67,2327,10615,5161,5017,21042,22016,23381,89626,417.72,Medium
Sikkim,2008,23249734,8276,25805,6963,4646,4484,9199,12348,39054,110775,476.46,High
Sikkim,2009,21895008,2964,30818,17597,7882,15757,8276,21042,13208,117544,536.86,High
Sikkim,2010,24011415,2766,1909,12184,35836,6491,20336,16553,41303,137378,572.14,High
Sikkim,2011,20807550,14129,6867,8789,18781,4189,3250,89,14393,70487,338.76,Medium
Sikkim,2012,25879740,25556,1746,13615,9872,2000,62387,3826,1105,120107,464.1,High
Sikkim,2013,25241460,5663,8417,206,6739,4763,683,1187,5264,32922,130.43,Low
Sikkim,2014,24087094,1434,11370,6971,16770,1227,14275,2303,1746,56096,232.89,Medium
Sikkim,2015,20844604,1367,1435,31178,16211,6800,25199,7717,22822,112729,540.81,High
Sikkim,2016,29249145,6951,27096,26845,10134,6748,7033,25592,6217,116616,398.7,Medium
Sikkim,2017,28132080,6778,2557,18170,19019,53132,7227,13862,47762,168507,598.99,High
Sikkim,2018,22300949,15390,4306,5451,3205,23916,1120,24075,10216,87679,393.17,Medium
Sikkim,2019,29047122,17307,757,14731,11954,4012,24380,80917,18853,172911,595.28,High
Sikkim,2020,22971084,20642,1166,8898,2035,15613,45887,17839,1319,113399,493.66,High
Sikkim,2021,27448540,10192,18616,12012,41739,39225,22021,10880,6863,161548,588.55,High
Sikkim,2022,27393027,3534,13846,16836,35581,33906,2295,15886,6342,128226,468.1,High
Tamil Nadu,2001,32000000,2807,28911,704,8944,3031,34813,13405,4337,96952,302.98,Medium
Tamil Nadu,2002,32261925,7630,14374,34686,2722,23757,29764,27132,11034,151099,468.35,High
Tamil Nadu,2003,32584764,17780,9235,24976,13558,20244,10009,23526,31134,150462,461.76,High
Tamil Nadu,2004,34392212,3617,40877,17754,42541,12893,10885,56332,6612,191511,556.85,High
Tamil Nadu,2005,33752948,34164,12158,13262,6777,15638,7228,736,5837,95800,283.83,Medium
Tamil Nadu,2006,35947190,31,19081,16796,2503,6488,2112,5535,8154,60700,168.86,Low
Tamil Nadu,2007,34559786,15441,2691,8051,1627,24424,137,4871,5676,62918,182.06,Low
Tamil Nadu,2008,36607365,33786,3720,80896,5797,28274,7305,10645,22936,193359,528.2,High
Tamil Nadu,2009,36433856,11437,3699,3971,11472,29994,48353,1861,10583,121370,333.13,Medium
Tamil Nadu,2010,38594651,2836,449,29101,24766,4777,7150,644,48373,118096,305.99,Medium
Tamil Nadu,2011,36097660,55594,2201,3981,30667,39466,8227,785,610,141531,392.08,Medium
Tamil Nadu,2012,34777830,40087,23447,1365,41124,534,72742,17191,1934,198424,570.55,High
Tamil Nadu,2013,41462696,7559,4317,31017,6691,2741,10526,2697,19983,85531,206.28,Medium
Tamil Nadu,2014,38502769,12454,21171,1376,14729,47370,43448,6737,6803,154088,400.2,Medium
Tamil Nadu,2015,42378648,31842,49918,1877,11200,7711,38315,1633,4445,146941,346.73,Medium
Tamil Nadu,2016,43238360,20162,760,9795,8427,5878,7246,10901,2546,65715,151.98,Low
Tamil Nadu,2017,38282064,13605,26245,22891,2679,2591,5005,7182,8421,88619,231.49,Medium
Tamil Nadu,2018,36843402,11179,572,346,4884,11730,2110,10073,2959,43853,119.03,Low
Tamil Nadu,2019,41542862,61473,63966,9984,7396,14993,7786,31579,49499,246676,593.79,High
Tamil Nadu,2020,45544131,14134,21987,6394,2148,16930,5651,14064,3994,85302,187.3,Low
Tamil Nadu,2021,38044060,935,54133,1874,49218,41777,17430,11890,9521,186778,490.95,High
Tamil Nadu,2022,47987888,16056,2728,5035,7713,4229,4453,3201,6637,50052,104.3,Low
Telangana,2001,10000000,8029,950,11508,4934,7320,3431,6386,73,42631,426.32,Medium
Telangana,2002,10361743,4628,111,5986,13087,944,640,3933,795,30124,290.73,Medium
Telangana,2003,11583810,10800,584,724,20832,6030,10100,2110,6077,57257,494.29,High
Telangana,2004,11562868,4924,5045,6264,4676,3059,1762,7990,1404,35124,303.77,Medium
Telangana,2005,11467932,9813,2211,8172,11443,2054,514,1168,7758,43133,376.13,Medium
Telangana,2006,11931595,6587,160,4609,1452,2265,9195,1403,2182,27853,233.45,Medium
Telangana,2007,11620312,176,1088,3826,361,12764,7109,10160,2459,37943,326.53,Medium
Telangana,2008,12766449,2261,7027,21667,333,14252,5544,5350,4476,60910,477.11,High
Telangana,2009,13734016,286,374,3654,1658,9915,2076,615,4994,23572,171.64,Low
Telangana,2010,16504822,681,1463,2349,4526,3085,2215,2235,5732,22286,135.03,Low
Telangana,2011,12203640,2947,9,2667,2065,9111,8439,7563,140,32941,269.94,Medium
Telangana,2012,14597802,17723,5309,14857,11046,5700,1963,1347,24192,82137,562.67,High
Telangana,2013,16554736,10882,4556,474,2233,5669,6572,546,2,30934,186.86,Low
Telangana,2014,15628610,9506,3366,2242,99,5933,14542,24134,6371,66193,423.54,Medium
Telangana,2015,14250092,6058,745,6675,4008,7834,4127,2304,840,32591,228.71,Medium
Telangana,2016,18013120,1627,437,837,18796,2526,3265,8898,23316,59702,331.44,Medium
Telangana,2017,14264128,7353,14082,3330,3070,4335,9391,9644,3189,54394,381.34,Medium
Telangana,2018,22341116,2256,15794,2167,13635,18659,19034,22100,32555,126200,564.88,High
Telangana,2019,21258712,15810,29889,22022,4712,593,7638,13350,21902,115916,545.26,High
Telangana,2020,19374258,9443,1087,667,16478,569,3241,4385,3884,39754,205.19,Medium
Telangana,2021,18051580,873,570,1082,8553,7632,2585,9860,16656,47811,264.86,Medium
Telangana,2022,25856113,170,2774,4704,1170,1480,3826,9183,6685,29992,116.0,Low
Tripura,2001,37000000,25134,37635,13037,29425,18031,6050,34752,23357,187421,506.54,High
Tripura,2002,37511429,9571,52213,455,8177,1262,31348,26097,8677,137800,367.36,Medium
Tripura,2003,37697888,26453,11842,33164,14224,12486,64119,6786,3019,172093,456.51,High
Tripura,2004,37640824,12390,49147,6693,903,5846,9945,2491,15142,102557,272.46,Medium
Tripura,2005,39815232,66069,6513,4747,5548,1325,23277,5807,5312,118598,297.87,Medium
Tripura,2006,39704310,17118,9266,16593,1007,26689,44816,16617,49101,181207,456.39,High
Tripura,2007,40004764,6055,23930,33954,32141,18926,15215,5000,18336,153557,383.85,Medium
Tripura,2008,42592909,4596,34319,6064,1562,20809,23415,53203,22277,166245,390.31,Medium
Tripura,2009,43165336,11242,43091,20612,2190,22130,63291,13386,9327,185269,429.21,Medium
Tripura,2010,40146634,5086,5393,18623,29743,2760,92172,46215,29019,229011,570.44,High
Tripura,2011,44035100,24271,1150,8920,13693,24289,21066,4467,38944,136800,310.66,Medium
Tripura,2012,44795073,3613,56617,96291,5306,34843,1119,14148,19767,231704,517.25,High
Tripura,2013,40658632,14662,46363,18821,11074,27991,50726,376,68283,238296,586.09,High
Tripura,2014,46607182,1920,35909,7014,3022,12358,22020,10225,1201,93669,200.98,Medium
Tripura,2015,47191748,9120,23194,4816,2429,5825,494,17119,17454,80451,170.48,Low
Tripura,2016,42212995,14161,6956,25685,12919,27920,15941,24503,14579,142664,337.96,Medium
Tripura,2017,49757712,20398,120891,29717,35445,9502,37485,32340,7801,293579,590.02,High
Tripura,2018,46894017,776,11725,18242,9371,3252,13887,1055,7378,65686,140.08,Low
Tripura,2019,44093278,7589,8676,9617,20804,2234,21580,30502,28099,129101,292.79,Medium
Tripura,2020,44751886,20391,77219,6636,29776,2706,3119,36047,35280,211174,471.88,High
Tripura,2021,46204100,25933,10059,39610,615,1271,555,2525,9609,90177,195.17,Low
Tripura,2022,47504872,11084,498,31184,19728,3759,858,1989,1454,70554,148.52,Low
Uttar Pradesh,2001,23000000,1280,7115,2746,4315,44356,11223,28963,1501,101499,441.3,Medium
Uttar Pradesh,2002,23455333,10270,17258,1703,89,23677,21901,11283,14352,100533,428.61,Medium
Uttar Pradesh,2003,23818994,8500,384,6467,3085,1640,49712,14481,20654,104923,440.5,Medium
Uttar Pradesh,2004,25332236,7624,10051,5441,2052,3970,32141,22777,15938,99994,394.73,Medium
Uttar Pradesh,2005,23913088,4354,17274,510,2225,2910,10305,33073,1864,72515,303.25,Medium
Uttar Pradesh,2006,25628355,6803,5825,834,1672,1729,12554,654,5270,35341,137.9,Low
Uttar Pradesh,2007,26587136,3725,12020,4988,7908,16369,14931,18435,567,78943,296.92,Medium
Uttar Pradesh,2008,27808055,17514,2242,7993,11827,7664,10902,84205,2165,144512,519.68,High
Uttar Pradesh,2009,25577896,8368,3749,1061,1285,22170,15742,17666,35487,105528,412.58,Medium
Uttar Pradesh,2010,26670974,2048,3851,9700,5798,4752,3883,7899,7517,45448,170.4,Low
Uttar Pradesh,2011,28113210,3273,11864,14989,15703,4385,25207,474,8152,84047,298.96,Medium
Uttar Pradesh,2012,30352862,13755,7534,2747,10779,7607,14442,12057,8555,77476,255.25,Medium
Uttar Pradesh,2013,26019344,19419,4144,8782,15749,26516,20903,9856,191,105560,405.7,Medium
Uttar Pradesh,2014,29563037,9591,4704,18555,339,12296,39702,2680,8928,96795,327.42,Medium
Uttar Pradesh,2015,27724454,1333,13663,11119,7274,10245,31549,3038,322,78543,283.3,Medium
Uttar Pradesh,2016,31034705,28240,12287,31598,12973,23722,8017,19783,34872,171492,552.58,High
Uttar Pradesh,2017,31491184,22420,5266,8268,5848,7487,9663,21391,23421,103764,329.5,Medium
Uttar Pradesh,2018,32420142,7987,13727,1222,1319,2708,10486,3459,4788,45696,140.95,Low
Uttar Pradesh,2019,35835962,6189,20222,168,12686,13378,19400,32675,250,104968,292.91,Medium
Uttar Pradesh,2020,35706896,1490,19403,5477,7424,9712,10148,23969,51726,129349,362.25,Medium
Uttar Pradesh,2021,38958740,16473,4379,27400,652,3399,29451,3828,3228,88810,227.96,Medium
Uttar Pradesh,2022,33205265,3025,39891,14111,22871,5561,28883,29049,7633,151024,454.82,High
Uttarakhand,2001,20000000,3048,1356,21637,5979,15716,2084,8778,8373,66971,334.86,Medium
Uttarakhand,2002,20491475,8060,23093,3426,959,7631,8952,5863,1591,59575,290.73,Medium
Uttarakhand,2003,20739314,3711,1978,2947,5477,7227,1396,2747,1662,27145,130.89,Low
Uttarakhand,2004,21472061,506,3498,5488,1057,3182,5198,4280,464,23673,110.25,Low
Uttarakhand,2005,21787076,65852,9944,8717,1356,14008,2428,6011,8021,116337,533.98,High
Uttarakhand,2006,23232890,16564,20857,3606,19590,19487,14483,1588,11739,107914,464.49,High
Uttarakhand,2007,22137740,8932,3533,1240,2137,3195,2200,393,1155,22785,102.93,Low
Uttarakhand,2008,22108281,15107,18412,1375,28366,3714,10114,12984,15572,105644,477.85,High
Uttarakhand,2009,26296360,11216,1444,7526,543,4699,5214,4358,1122,36122,137.37,Low
Uttarakhand,2010,25577813,43165,3868,1152,26434,13495,39551,10112,3857,141634,553.74,High
Uttarakhand,2011,26968590,9209,4049,1066,6481,3640,4715,3142,8979,41281,153.07,Low
Uttarakhand,2012,23444826,18702,13062,1177,19295,11751,12621,4766,22352,103726,442.43,Medium
Uttarakhand,2013,29423624,8977,829,3639,15108,335,22610,7897,6936,66331,225.44,Medium
Uttarakhand,2014,22758340,5858,5312,52892,6577,27741,9274,2784,203,110641,486.16,High
Uttarakhand,2015,24855802,9047,42834,5303,5087,4855,8463,6689,24406,106684,429.21,Medium
Uttarakhand,2016,31096580,4076,4102,861,23494,1664,440,6297,5241,46175,148.49,Low
Uttarakhand,2017,23546144,6606,6755,18935,2682,21137,12886,6687,7547,83235,353.5,Medium
Uttarakhand,2018,28107147,1097,5159,2660,1431,3353,20188,2113,9380,45381,161.46,Low
Uttarakhand,2019,30410012,7069,940,3816,9062,4142,3,41182,31029,97243,319.77,Medium
Uttarakhand,2020,25600896,19928,2699,1884,1028,18922,38836,8275,1869,93441,364.99,Medium
Uttarakhand,2021,32009280,7147,4269,4674,9663,12622,1166,360,51479,91380,285.48,Medium
Uttarakhand,2022,26026181,8560,1787,6804,1284,16068,52396,13487,18980,119366,458.64,High
West Bengal,2001,13000000,1369,864,2404,2445,12,1830,751,5471,15146,116.51,Low
West Bengal,2002,13485191,1970,12937,4192,853,2307,14461,5815,309,42844,317.72,Medium
West Bengal,2003,14219780,3496,1209,19,1474,763,4874,1174,5018,18027,126.78,Low
West Bengal,2004,15203221,14,8669,6502,6268,1664,4881,19107,8118,55223,363.24,Medium
West Bengal,2005,15829272,4229,3703,16338,18454,5317,3137,884,24011,76073,480.59,High
West Bengal,2006,16553500,332,1890,1893,2066,960,8180,699,5396,21416,129.38,Low
West Bengal,2007,15904552,1146,634,20817,1827,14924,6818,702,26972,73840,464.27,High
West Bengal,2008,16700067,629,4356,410,4267,29,1590,3255,6060,20596,123.33,Low
West Bengal,2009,17047824,24401,17420,22284,2259,3400,3468,4813,5087,83132,487.65,High
West Bengal,2010,20143048,9602,2127,14348,2239,4535,8544,19435,16426,77256,383.54,Medium
West Bengal,2011,15722740,5086,830,3883,448,2323,2616,199,1574,16959,107.87,Low
West Bengal,2012,20127692,26155,25781,3646,369,1656,4180,24783,1282,87852,436.48,Medium
West Bengal,2013,16026652,8222,656,22678,2740,8511,2391,5633,1220,52051,324.78,Medium
West Bengal,2014,19298110,978,17241,15475,13540,6086,10237,443,2531,66531,344.76,Medium
West Bengal,2015,17432694,5003,13418,5847,2136,12061,22382,6398,1889,69134,396.58,Medium
West Bengal,2016,21285490,3615,4475,5885,16994,15165,19660,7431,28683,101908,478.77,High
West Bengal,2017,16283104,2314,6418,16365,2014,1179,21813,4257,11680,66040,405.58,Medium
West Bengal,2018,21316825,584,26670,8651,1305,21428,6272,11135,1917,77962,365.73,Medium
West Bengal,2019,26488390,5427,12061,3206,82408,206,22548,4484,12540,142880,539.41,High
West Bengal,2020,18383308,16238,1099,21051,1436,8436,4932,13456,5038,71686,389.95,Medium
West Bengal,2021,23877900,14352,4081,3411,46595,7455,8733,26769,7769,119165,499.06,High
West Bengal,2022,25677952,53748,23693,16098,37645,900,5257,11067,4558,152966,595.71,High
